month,dim,code,label,maker,count
202501,model,4647,EV3,기아,429
202501,model,4712,EV4,기아,0
202501,model,4499,EV5,기아,0
202501,model,4641,EV6,기아,72
202501,model,4128,EV9,기아,37
202501,model,4714,PV5,기아,0
202501,model,4691,레이 EV,기아,73
202501,model,4404,봉고3 EV,기아,0
202501,model,4624,아이오닉5,현대,48
202501,model,4558,아이오닉5 N,현대,27
202501,model,4746,아이오닉6,현대,0
202501,model,4088,아이오닉9,현대,0
202501,model,4653,캐스퍼 일렉트릭,현대,186
202501,model,4399,포터2 일렉트릭,현대,6
202501,model,4510,코나 일렉트릭,현대,43
202501,model,4770,스타리아 일렉트릭,현대,0
202501,model,4660,Electrified G80,제네시스,20
202501,model,4705,Electrified GV70,제네시스,0
202501,model,4701,GV60,제네시스,0
202501,model,4761,GV60 MAGMA,제네시스,0
202501,model,4667,테슬라 모델Y,테슬라,0
202501,model,4610,테슬라 모델3,테슬라,0
202501,model,4027,테슬라 모델X,테슬라,5
202501,model,4043,테슬라 모델S,테슬라,0
202501,model,3825,테슬라 사이버트럭,테슬라,0
202501,model,4704,BYD 돌핀,BYD,0
202501,model,4706,BYD 씨라이언7,BYD,0
202501,model,4702,BYD 아토3,BYD,0
202501,model,4703,BYD 씰,BYD,0
202501,model,4446,볼보 EX30,볼보,62
202501,model,4750,볼보 EX30 CC,볼보,0
202501,model,4513,폴스타 4,폴스타,103
202501,model,4062,아우디 Q4 e-tron,아우디,41
202501,model,4690,아우디 Q6 e-tron,아우디,0
202501,model,4142,아우디 A6 e-tron,아우디,0
202501,model,4436,아우디 Q8 e-tron,아우디,5
202501,model,4759,아우디 e-tron GT,아우디,0
202501,model,4528,BMW i5,BMW,92
202501,model,4639,BMW i4,BMW,0
202501,model,4181,BMW i7,BMW,43
202501,model,4708,BMW iX,BMW,0
202501,model,4372,BMW iX1,BMW,26
202501,model,4582,BMW iX2,BMW,0
202501,model,4751,BMW iX3,BMW,0
202501,model,4569,벤츠 EQB,벤츠,1
202501,model,4430,벤츠 EQE SUV,벤츠,16
202501,model,4111,벤츠 EQE,벤츠,10
202501,model,4381,벤츠 EQS SUV,벤츠,7
202501,model,4568,벤츠 EQA,벤츠,5
202501,model,4638,벤츠 EQG(G-Class EV),벤츠,6
202501,model,4571,미니 일렉트릭,미니,0
202501,model,4572,미니 컨트리맨 일렉트릭,미니,0
202501,model,4640,미니 에이스맨,미니,0
202501,model,4613,포르쉐 마칸 일렉트릭,포르쉐,0
202501,model,4619,포르쉐 타이칸,포르쉐,122
202501,model,4005,폭스바겐 ID.4,폭스바겐,2
202501,model,4121,폭스바겐 ID.5,폭스바겐,1
202501,model,3687,테슬라 모델Y,테슬라,0
202501,model,4087,아이오닉6,현대,12
202501,model,4015,GV60,제네시스,2
202501,model,4046,BMW i4,BMW,4
202501,model,3983,BMW iX3,BMW,30
202501,model,4009,BMW iX,BMW,38
202501,model,4039,아우디 e-tron GT,아우디,7
202501,model,3667,아우디 e-tron,아우디,0
202501,model,4468,폴스타 2,폴스타,0
202501,model,4632,르노 세닉 E-Tech,르노,0
202501,model,4731,볼보 EX40,볼보,0
202501,model,4400,현대 카운티 일렉트릭,현대,15
202501,model,4048,벤츠 EQS,벤츠,0
202501,model,4634,벤츠 EQS,벤츠,0
202501,model,4511,벤츠 마이바흐 EQS SUV,벤츠,5
202501,model,4565,캐딜락 에스컬레이드 IQ,캐딜락,0
202501,model,4433,롤스로이스 스펙터,롤스로이스,0
202502,model,4647,EV3,기아,2257
202502,model,4712,EV4,기아,0
202502,model,4499,EV5,기아,0
202502,model,4641,EV6,기아,1100
202502,model,4128,EV9,기아,88
202502,model,4714,PV5,기아,0
202502,model,4691,레이 EV,기아,513
202502,model,4404,봉고3 EV,기아,569
202502,model,4624,아이오닉5,현대,1356
202502,model,4558,아이오닉5 N,현대,107
202502,model,4746,아이오닉6,현대,0
202502,model,4088,아이오닉9,현대,181
202502,model,4653,캐스퍼 일렉트릭,현대,1061
202502,model,4399,포터2 일렉트릭,현대,1532
202502,model,4510,코나 일렉트릭,현대,411
202502,model,4770,스타리아 일렉트릭,현대,0
202502,model,4660,Electrified G80,제네시스,44
202502,model,4705,Electrified GV70,제네시스,91
202502,model,4701,GV60,제네시스,0
202502,model,4761,GV60 MAGMA,제네시스,0
202502,model,4667,테슬라 모델Y,테슬라,0
202502,model,4610,테슬라 모델3,테슬라,109
202502,model,4027,테슬라 모델X,테슬라,58
202502,model,4043,테슬라 모델S,테슬라,15
202502,model,3825,테슬라 사이버트럭,테슬라,0
202502,model,4704,BYD 돌핀,BYD,0
202502,model,4706,BYD 씨라이언7,BYD,0
202502,model,4702,BYD 아토3,BYD,0
202502,model,4703,BYD 씰,BYD,0
202502,model,4446,볼보 EX30,볼보,2
202502,model,4750,볼보 EX30 CC,볼보,0
202502,model,4513,폴스타 4,폴스타,71
202502,model,4062,아우디 Q4 e-tron,아우디,258
202502,model,4690,아우디 Q6 e-tron,아우디,5
202502,model,4142,아우디 A6 e-tron,아우디,0
202502,model,4436,아우디 Q8 e-tron,아우디,1
202502,model,4759,아우디 e-tron GT,아우디,0
202502,model,4528,BMW i5,BMW,104
202502,model,4639,BMW i4,BMW,0
202502,model,4181,BMW i7,BMW,65
202502,model,4708,BMW iX,BMW,0
202502,model,4372,BMW iX1,BMW,114
202502,model,4582,BMW iX2,BMW,0
202502,model,4751,BMW iX3,BMW,0
202502,model,4569,벤츠 EQB,벤츠,8
202502,model,4430,벤츠 EQE SUV,벤츠,49
202502,model,4111,벤츠 EQE,벤츠,61
202502,model,4381,벤츠 EQS SUV,벤츠,7
202502,model,4568,벤츠 EQA,벤츠,10
202502,model,4638,벤츠 EQG(G-Class EV),벤츠,7
202502,model,4571,미니 일렉트릭,미니,1
202502,model,4572,미니 컨트리맨 일렉트릭,미니,23
202502,model,4640,미니 에이스맨,미니,26
202502,model,4613,포르쉐 마칸 일렉트릭,포르쉐,87
202502,model,4619,포르쉐 타이칸,포르쉐,120
202502,model,4005,폭스바겐 ID.4,폭스바겐,375
202502,model,4121,폭스바겐 ID.5,폭스바겐,0
202502,model,3687,테슬라 모델Y,테슬라,2040
202502,model,4087,아이오닉6,현대,346
202502,model,4015,GV60,제네시스,16
202502,model,4046,BMW i4,BMW,1
202502,model,3983,BMW iX3,BMW,86
202502,model,4009,BMW iX,BMW,39
202502,model,4039,아우디 e-tron GT,아우디,8
202502,model,3667,아우디 e-tron,아우디,0
202502,model,4468,폴스타 2,폴스타,0
202502,model,4632,르노 세닉 E-Tech,르노,0
202502,model,4731,볼보 EX40,볼보,0
202502,model,4400,현대 카운티 일렉트릭,현대,22
202502,model,4048,벤츠 EQS,벤츠,0
202502,model,4634,벤츠 EQS,벤츠,0
202502,model,4511,벤츠 마이바흐 EQS SUV,벤츠,5
202502,model,4565,캐딜락 에스컬레이드 IQ,캐딜락,0
202502,model,4433,롤스로이스 스펙터,롤스로이스,1
202503,model,4647,EV3,기아,3032
202503,model,4712,EV4,기아,0
202503,model,4499,EV5,기아,0
202503,model,4641,EV6,기아,1163
202503,model,4128,EV9,기아,202
202503,model,4714,PV5,기아,0
202503,model,4691,레이 EV,기아,1209
202503,model,4404,봉고3 EV,기아,596
202503,model,4624,아이오닉5,현대,1090
202503,model,4558,아이오닉5 N,현대,39
202503,model,4746,아이오닉6,현대,0
202503,model,4088,아이오닉9,현대,784
202503,model,4653,캐스퍼 일렉트릭,현대,1185
202503,model,4399,포터2 일렉트릭,현대,986
202503,model,4510,코나 일렉트릭,현대,446
202503,model,4770,스타리아 일렉트릭,현대,0
202503,model,4660,Electrified G80,제네시스,217
202503,model,4705,Electrified GV70,제네시스,237
202503,model,4701,GV60,제네시스,6
202503,model,4761,GV60 MAGMA,제네시스,0
202503,model,4667,테슬라 모델Y,테슬라,11
202503,model,4610,테슬라 모델3,테슬라,2344
202503,model,4027,테슬라 모델X,테슬라,40
202503,model,4043,테슬라 모델S,테슬라,18
202503,model,3825,테슬라 사이버트럭,테슬라,0
202503,model,4704,BYD 돌핀,BYD,0
202503,model,4706,BYD 씨라이언7,BYD,0
202503,model,4702,BYD 아토3,BYD,10
202503,model,4703,BYD 씰,BYD,0
202503,model,4446,볼보 EX30,볼보,478
202503,model,4750,볼보 EX30 CC,볼보,0
202503,model,4513,폴스타 4,폴스타,307
202503,model,4062,아우디 Q4 e-tron,아우디,485
202503,model,4690,아우디 Q6 e-tron,아우디,35
202503,model,4142,아우디 A6 e-tron,아우디,0
202503,model,4436,아우디 Q8 e-tron,아우디,7
202503,model,4759,아우디 e-tron GT,아우디,0
202503,model,4528,BMW i5,BMW,169
202503,model,4639,BMW i4,BMW,2
202503,model,4181,BMW i7,BMW,60
202503,model,4708,BMW iX,BMW,0
202503,model,4372,BMW iX1,BMW,59
202503,model,4582,BMW iX2,BMW,2
202503,model,4751,BMW iX3,BMW,0
202503,model,4569,벤츠 EQB,벤츠,23
202503,model,4430,벤츠 EQE SUV,벤츠,79
202503,model,4111,벤츠 EQE,벤츠,53
202503,model,4381,벤츠 EQS SUV,벤츠,15
202503,model,4568,벤츠 EQA,벤츠,3
202503,model,4638,벤츠 EQG(G-Class EV),벤츠,1
202503,model,4571,미니 일렉트릭,미니,0
202503,model,4572,미니 컨트리맨 일렉트릭,미니,73
202503,model,4640,미니 에이스맨,미니,79
202503,model,4613,포르쉐 마칸 일렉트릭,포르쉐,131
202503,model,4619,포르쉐 타이칸,포르쉐,245
202503,model,4005,폭스바겐 ID.4,폭스바겐,407
202503,model,4121,폭스바겐 ID.5,폭스바겐,4
202503,model,3687,테슬라 모델Y,테슬라,178
202503,model,4087,아이오닉6,현대,558
202503,model,4015,GV60,제네시스,0
202503,model,4046,BMW i4,BMW,8
202503,model,3983,BMW iX3,BMW,138
202503,model,4009,BMW iX,BMW,77
202503,model,4039,아우디 e-tron GT,아우디,23
202503,model,3667,아우디 e-tron,아우디,0
202503,model,4468,폴스타 2,폴스타,0
202503,model,4632,르노 세닉 E-Tech,르노,0
202503,model,4731,볼보 EX40,볼보,0
202503,model,4400,현대 카운티 일렉트릭,현대,20
202503,model,4048,벤츠 EQS,벤츠,0
202503,model,4634,벤츠 EQS,벤츠,1
202503,model,4511,벤츠 마이바흐 EQS SUV,벤츠,13
202503,model,4565,캐딜락 에스컬레이드 IQ,캐딜락,0
202503,model,4433,롤스로이스 스펙터,롤스로이스,4
202504,model,4647,EV3,기아,3057
202504,model,4712,EV4,기아,831
202504,model,4499,EV5,기아,0
202504,model,4641,EV6,기아,789
202504,model,4128,EV9,기아,150
202504,model,4714,PV5,기아,0
202504,model,4691,레이 EV,기아,628
202504,model,4404,봉고3 EV,기아,340
202504,model,4624,아이오닉5,현대,1422
202504,model,4558,아이오닉5 N,현대,36
202504,model,4746,아이오닉6,현대,0
202504,model,4088,아이오닉9,현대,1009
202504,model,4653,캐스퍼 일렉트릭,현대,783
202504,model,4399,포터2 일렉트릭,현대,1081
202504,model,4510,코나 일렉트릭,현대,298
202504,model,4770,스타리아 일렉트릭,현대,0
202504,model,4660,Electrified G80,제네시스,119
202504,model,4705,Electrified GV70,제네시스,128
202504,model,4701,GV60,제네시스,147
202504,model,4761,GV60 MAGMA,제네시스,0
202504,model,4667,테슬라 모델Y,테슬라,804
202504,model,4610,테슬라 모델3,테슬라,638
202504,model,4027,테슬라 모델X,테슬라,1
202504,model,4043,테슬라 모델S,테슬라,4
202504,model,3825,테슬라 사이버트럭,테슬라,0
202504,model,4704,BYD 돌핀,BYD,0
202504,model,4706,BYD 씨라이언7,BYD,0
202504,model,4702,BYD 아토3,BYD,543
202504,model,4703,BYD 씰,BYD,0
202504,model,4446,볼보 EX30,볼보,116
202504,model,4750,볼보 EX30 CC,볼보,0
202504,model,4513,폴스타 4,폴스타,179
202504,model,4062,아우디 Q4 e-tron,아우디,77
202504,model,4690,아우디 Q6 e-tron,아우디,41
202504,model,4142,아우디 A6 e-tron,아우디,0
202504,model,4436,아우디 Q8 e-tron,아우디,3
202504,model,4759,아우디 e-tron GT,아우디,0
202504,model,4528,BMW i5,BMW,156
202504,model,4639,BMW i4,BMW,92
202504,model,4181,BMW i7,BMW,60
202504,model,4708,BMW iX,BMW,0
202504,model,4372,BMW iX1,BMW,50
202504,model,4582,BMW iX2,BMW,137
202504,model,4751,BMW iX3,BMW,0
202504,model,4569,벤츠 EQB,벤츠,8
202504,model,4430,벤츠 EQE SUV,벤츠,72
202504,model,4111,벤츠 EQE,벤츠,14
202504,model,4381,벤츠 EQS SUV,벤츠,25
202504,model,4568,벤츠 EQA,벤츠,10
202504,model,4638,벤츠 EQG(G-Class EV),벤츠,5
202504,model,4571,미니 일렉트릭,미니,3
202504,model,4572,미니 컨트리맨 일렉트릭,미니,40
202504,model,4640,미니 에이스맨,미니,50
202504,model,4613,포르쉐 마칸 일렉트릭,포르쉐,61
202504,model,4619,포르쉐 타이칸,포르쉐,149
202504,model,4005,폭스바겐 ID.4,폭스바겐,27
202504,model,4121,폭스바겐 ID.5,폭스바겐,9
202504,model,3687,테슬라 모델Y,테슬라,0
202504,model,4087,아이오닉6,현대,610
202504,model,4015,GV60,제네시스,0
202504,model,4046,BMW i4,BMW,0
202504,model,3983,BMW iX3,BMW,114
202504,model,4009,BMW iX,BMW,114
202504,model,4039,아우디 e-tron GT,아우디,15
202504,model,3667,아우디 e-tron,아우디,0
202504,model,4468,폴스타 2,폴스타,10
202504,model,4632,르노 세닉 E-Tech,르노,0
202504,model,4731,볼보 EX40,볼보,6
202504,model,4400,현대 카운티 일렉트릭,현대,17
202504,model,4048,벤츠 EQS,벤츠,5
202504,model,4634,벤츠 EQS,벤츠,4
202504,model,4511,벤츠 마이바흐 EQS SUV,벤츠,17
202504,model,4565,캐딜락 에스컬레이드 IQ,캐딜락,0
202504,model,4433,롤스로이스 스펙터,롤스로이스,4
202505,model,4647,EV3,기아,1866
202505,model,4712,EV4,기아,1373
202505,model,4499,EV5,기아,0
202505,model,4641,EV6,기아,957
202505,model,4128,EV9,기아,178
202505,model,4714,PV5,기아,0
202505,model,4691,레이 EV,기아,806
202505,model,4404,봉고3 EV,기아,260
202505,model,4624,아이오닉5,현대,1226
202505,model,4558,아이오닉5 N,현대,29
202505,model,4746,아이오닉6,현대,0
202505,model,4088,아이오닉9,현대,867
202505,model,4653,캐스퍼 일렉트릭,현대,687
202505,model,4399,포터2 일렉트릭,현대,778
202505,model,4510,코나 일렉트릭,현대,253
202505,model,4770,스타리아 일렉트릭,현대,0
202505,model,4660,Electrified G80,제네시스,120
202505,model,4705,Electrified GV70,제네시스,92
202505,model,4701,GV60,제네시스,111
202505,model,4761,GV60 MAGMA,제네시스,0
202505,model,4667,테슬라 모델Y,테슬라,6237
202505,model,4610,테슬라 모델3,테슬라,330
202505,model,4027,테슬라 모델X,테슬라,2
202505,model,4043,테슬라 모델S,테슬라,1
202505,model,3825,테슬라 사이버트럭,테슬라,0
202505,model,4704,BYD 돌핀,BYD,0
202505,model,4706,BYD 씨라이언7,BYD,0
202505,model,4702,BYD 아토3,BYD,513
202505,model,4703,BYD 씰,BYD,0
202505,model,4446,볼보 EX30,볼보,149
202505,model,4750,볼보 EX30 CC,볼보,0
202505,model,4513,폴스타 4,폴스타,292
202505,model,4062,아우디 Q4 e-tron,아우디,303
202505,model,4690,아우디 Q6 e-tron,아우디,51
202505,model,4142,아우디 A6 e-tron,아우디,0
202505,model,4436,아우디 Q8 e-tron,아우디,2
202505,model,4759,아우디 e-tron GT,아우디,0
202505,model,4528,BMW i5,BMW,139
202505,model,4639,BMW i4,BMW,60
202505,model,4181,BMW i7,BMW,47
202505,model,4708,BMW iX,BMW,0
202505,model,4372,BMW iX1,BMW,43
202505,model,4582,BMW iX2,BMW,45
202505,model,4751,BMW iX3,BMW,0
202505,model,4569,벤츠 EQB,벤츠,6
202505,model,4430,벤츠 EQE SUV,벤츠,60
202505,model,4111,벤츠 EQE,벤츠,1
202505,model,4381,벤츠 EQS SUV,벤츠,24
202505,model,4568,벤츠 EQA,벤츠,16
202505,model,4638,벤츠 EQG(G-Class EV),벤츠,23
202505,model,4571,미니 일렉트릭,미니,13
202505,model,4572,미니 컨트리맨 일렉트릭,미니,38
202505,model,4640,미니 에이스맨,미니,39
202505,model,4613,포르쉐 마칸 일렉트릭,포르쉐,165
202505,model,4619,포르쉐 타이칸,포르쉐,124
202505,model,4005,폭스바겐 ID.4,폭스바겐,108
202505,model,4121,폭스바겐 ID.5,폭스바겐,288
202505,model,3687,테슬라 모델Y,테슬라,0
202505,model,4087,아이오닉6,현대,754
202505,model,4015,GV60,제네시스,0
202505,model,4046,BMW i4,BMW,0
202505,model,3983,BMW iX3,BMW,88
202505,model,4009,BMW iX,BMW,71
202505,model,4039,아우디 e-tron GT,아우디,5
202505,model,3667,아우디 e-tron,아우디,4
202505,model,4468,폴스타 2,폴스타,163
202505,model,4632,르노 세닉 E-Tech,르노,0
202505,model,4731,볼보 EX40,볼보,2
202505,model,4400,현대 카운티 일렉트릭,현대,18
202505,model,4048,벤츠 EQS,벤츠,2
202505,model,4634,벤츠 EQS,벤츠,2
202505,model,4511,벤츠 마이바흐 EQS SUV,벤츠,11
202505,model,4565,캐딜락 에스컬레이드 IQ,캐딜락,0
202505,model,4433,롤스로이스 스펙터,롤스로이스,4
202506,model,4647,EV3,기아,1884
202506,model,4712,EV4,기아,1073
202506,model,4499,EV5,기아,0
202506,model,4641,EV6,기아,727
202506,model,4128,EV9,기아,113
202506,model,4714,PV5,기아,0
202506,model,4691,레이 EV,기아,1305
202506,model,4404,봉고3 EV,기아,252
202506,model,4624,아이오닉5,현대,1464
202506,model,4558,아이오닉5 N,현대,25
202506,model,4746,아이오닉6,현대,0
202506,model,4088,아이오닉9,현대,767
202506,model,4653,캐스퍼 일렉트릭,현대,620
202506,model,4399,포터2 일렉트릭,현대,660
202506,model,4510,코나 일렉트릭,현대,322
202506,model,4770,스타리아 일렉트릭,현대,0
202506,model,4660,Electrified G80,제네시스,78
202506,model,4705,Electrified GV70,제네시스,105
202506,model,4701,GV60,제네시스,80
202506,model,4761,GV60 MAGMA,제네시스,0
202506,model,4667,테슬라 모델Y,테슬라,6162
202506,model,4610,테슬라 모델3,테슬라,210
202506,model,4027,테슬라 모델X,테슬라,2
202506,model,4043,테슬라 모델S,테슬라,3
202506,model,3825,테슬라 사이버트럭,테슬라,0
202506,model,4704,BYD 돌핀,BYD,0
202506,model,4706,BYD 씨라이언7,BYD,0
202506,model,4702,BYD 아토3,BYD,214
202506,model,4703,BYD 씰,BYD,6
202506,model,4446,볼보 EX30,볼보,105
202506,model,4750,볼보 EX30 CC,볼보,0
202506,model,4513,폴스타 4,폴스타,118
202506,model,4062,아우디 Q4 e-tron,아우디,347
202506,model,4690,아우디 Q6 e-tron,아우디,86
202506,model,4142,아우디 A6 e-tron,아우디,0
202506,model,4436,아우디 Q8 e-tron,아우디,1
202506,model,4759,아우디 e-tron GT,아우디,0
202506,model,4528,BMW i5,BMW,168
202506,model,4639,BMW i4,BMW,69
202506,model,4181,BMW i7,BMW,63
202506,model,4708,BMW iX,BMW,1
202506,model,4372,BMW iX1,BMW,27
202506,model,4582,BMW iX2,BMW,32
202506,model,4751,BMW iX3,BMW,0
202506,model,4569,벤츠 EQB,벤츠,4
202506,model,4430,벤츠 EQE SUV,벤츠,29
202506,model,4111,벤츠 EQE,벤츠,1
202506,model,4381,벤츠 EQS SUV,벤츠,20
202506,model,4568,벤츠 EQA,벤츠,25
202506,model,4638,벤츠 EQG(G-Class EV),벤츠,23
202506,model,4571,미니 일렉트릭,미니,172
202506,model,4572,미니 컨트리맨 일렉트릭,미니,39
202506,model,4640,미니 에이스맨,미니,41
202506,model,4613,포르쉐 마칸 일렉트릭,포르쉐,187
202506,model,4619,포르쉐 타이칸,포르쉐,137
202506,model,4005,폭스바겐 ID.4,폭스바겐,222
202506,model,4121,폭스바겐 ID.5,폭스바겐,261
202506,model,3687,테슬라 모델Y,테슬라,0
202506,model,4087,아이오닉6,현대,674
202506,model,4015,GV60,제네시스,0
202506,model,4046,BMW i4,BMW,0
202506,model,3983,BMW iX3,BMW,75
202506,model,4009,BMW iX,BMW,36
202506,model,4039,아우디 e-tron GT,아우디,13
202506,model,3667,아우디 e-tron,아우디,3
202506,model,4468,폴스타 2,폴스타,143
202506,model,4632,르노 세닉 E-Tech,르노,10
202506,model,4731,볼보 EX40,볼보,19
202506,model,4400,현대 카운티 일렉트릭,현대,28
202506,model,4048,벤츠 EQS,벤츠,3
202506,model,4634,벤츠 EQS,벤츠,1
202506,model,4511,벤츠 마이바흐 EQS SUV,벤츠,5
202506,model,4565,캐딜락 에스컬레이드 IQ,캐딜락,0
202506,model,4433,롤스로이스 스펙터,롤스로이스,2
202507,model,4647,EV3,기아,2199
202507,model,4712,EV4,기아,1485
202507,model,4499,EV5,기아,0
202507,model,4641,EV6,기아,936
202507,model,4128,EV9,기아,173
202507,model,4714,PV5,기아,0
202507,model,4691,레이 EV,기아,1442
202507,model,4404,봉고3 EV,기아,684
202507,model,4624,아이오닉5,현대,1474
202507,model,4558,아이오닉5 N,현대,36
202507,model,4746,아이오닉6,현대,0
202507,model,4088,아이오닉9,현대,1137
202507,model,4653,캐스퍼 일렉트릭,현대,648
202507,model,4399,포터2 일렉트릭,현대,928
202507,model,4510,코나 일렉트릭,현대,365
202507,model,4770,스타리아 일렉트릭,현대,0
202507,model,4660,Electrified G80,제네시스,75
202507,model,4705,Electrified GV70,제네시스,109
202507,model,4701,GV60,제네시스,81
202507,model,4761,GV60 MAGMA,제네시스,0
202507,model,4667,테슬라 모델Y,테슬라,6559
202507,model,4610,테슬라 모델3,테슬라,798
202507,model,4027,테슬라 모델X,테슬라,0
202507,model,4043,테슬라 모델S,테슬라,0
202507,model,3825,테슬라 사이버트럭,테슬라,0
202507,model,4704,BYD 돌핀,BYD,0
202507,model,4706,BYD 씨라이언7,BYD,0
202507,model,4702,BYD 아토3,BYD,254
202507,model,4703,BYD 씰,BYD,38
202507,model,4446,볼보 EX30,볼보,68
202507,model,4750,볼보 EX30 CC,볼보,0
202507,model,4513,폴스타 4,폴스타,198
202507,model,4062,아우디 Q4 e-tron,아우디,430
202507,model,4690,아우디 Q6 e-tron,아우디,123
202507,model,4142,아우디 A6 e-tron,아우디,0
202507,model,4436,아우디 Q8 e-tron,아우디,1
202507,model,4759,아우디 e-tron GT,아우디,0
202507,model,4528,BMW i5,BMW,174
202507,model,4639,BMW i4,BMW,75
202507,model,4181,BMW i7,BMW,67
202507,model,4708,BMW iX,BMW,2
202507,model,4372,BMW iX1,BMW,49
202507,model,4582,BMW iX2,BMW,23
202507,model,4751,BMW iX3,BMW,0
202507,model,4569,벤츠 EQB,벤츠,20
202507,model,4430,벤츠 EQE SUV,벤츠,36
202507,model,4111,벤츠 EQE,벤츠,3
202507,model,4381,벤츠 EQS SUV,벤츠,61
202507,model,4568,벤츠 EQA,벤츠,48
202507,model,4638,벤츠 EQG(G-Class EV),벤츠,23
202507,model,4571,미니 일렉트릭,미니,116
202507,model,4572,미니 컨트리맨 일렉트릭,미니,37
202507,model,4640,미니 에이스맨,미니,35
202507,model,4613,포르쉐 마칸 일렉트릭,포르쉐,170
202507,model,4619,포르쉐 타이칸,포르쉐,245
202507,model,4005,폭스바겐 ID.4,폭스바겐,302
202507,model,4121,폭스바겐 ID.5,폭스바겐,79
202507,model,3687,테슬라 모델Y,테슬라,0
202507,model,4087,아이오닉6,현대,616
202507,model,4015,GV60,제네시스,0
202507,model,4046,BMW i4,BMW,0
202507,model,3983,BMW iX3,BMW,79
202507,model,4009,BMW iX,BMW,5
202507,model,4039,아우디 e-tron GT,아우디,13
202507,model,3667,아우디 e-tron,아우디,0
202507,model,4468,폴스타 2,폴스타,25
202507,model,4632,르노 세닉 E-Tech,르노,0
202507,model,4731,볼보 EX40,볼보,2
202507,model,4400,현대 카운티 일렉트릭,현대,15
202507,model,4048,벤츠 EQS,벤츠,2
202507,model,4634,벤츠 EQS,벤츠,4
202507,model,4511,벤츠 마이바흐 EQS SUV,벤츠,3
202507,model,4565,캐딜락 에스컬레이드 IQ,캐딜락,0
202507,model,4433,롤스로이스 스펙터,롤스로이스,1
202508,model,4647,EV3,기아,2317
202508,model,4712,EV4,기아,1124
202508,model,4499,EV5,기아,0
202508,model,4641,EV6,기아,1080
202508,model,4128,EV9,기아,112
202508,model,4714,PV5,기아,161
202508,model,4691,레이 EV,기아,1021
202508,model,4404,봉고3 EV,기아,644
202508,model,4624,아이오닉5,현대,1640
202508,model,4558,아이오닉5 N,현대,22
202508,model,4746,아이오닉6,현대,230
202508,model,4088,아이오닉9,현대,926
202508,model,4653,캐스퍼 일렉트릭,현대,456
202508,model,4399,포터2 일렉트릭,현대,1294
202508,model,4510,코나 일렉트릭,현대,540
202508,model,4770,스타리아 일렉트릭,현대,0
202508,model,4660,Electrified G80,제네시스,81
202508,model,4705,Electrified GV70,제네시스,101
202508,model,4701,GV60,제네시스,91
202508,model,4761,GV60 MAGMA,제네시스,0
202508,model,4667,테슬라 모델Y,테슬라,6683
202508,model,4610,테슬라 모델3,테슬라,1291
202508,model,4027,테슬라 모델X,테슬라,0
202508,model,4043,테슬라 모델S,테슬라,0
202508,model,3825,테슬라 사이버트럭,테슬라,0
202508,model,4704,BYD 돌핀,BYD,0
202508,model,4706,BYD 씨라이언7,BYD,3
202508,model,4702,BYD 아토3,BYD,230
202508,model,4703,BYD 씰,BYD,136
202508,model,4446,볼보 EX30,볼보,52
202508,model,4750,볼보 EX30 CC,볼보,4
202508,model,4513,폴스타 4,폴스타,252
202508,model,4062,아우디 Q4 e-tron,아우디,444
202508,model,4690,아우디 Q6 e-tron,아우디,290
202508,model,4142,아우디 A6 e-tron,아우디,32
202508,model,4436,아우디 Q8 e-tron,아우디,0
202508,model,4759,아우디 e-tron GT,아우디,0
202508,model,4528,BMW i5,BMW,76
202508,model,4639,BMW i4,BMW,101
202508,model,4181,BMW i7,BMW,62
202508,model,4708,BMW iX,BMW,121
202508,model,4372,BMW iX1,BMW,43
202508,model,4582,BMW iX2,BMW,9
202508,model,4751,BMW iX3,BMW,0
202508,model,4569,벤츠 EQB,벤츠,71
202508,model,4430,벤츠 EQE SUV,벤츠,28
202508,model,4111,벤츠 EQE,벤츠,1
202508,model,4381,벤츠 EQS SUV,벤츠,24
202508,model,4568,벤츠 EQA,벤츠,70
202508,model,4638,벤츠 EQG(G-Class EV),벤츠,26
202508,model,4571,미니 일렉트릭,미니,109
202508,model,4572,미니 컨트리맨 일렉트릭,미니,55
202508,model,4640,미니 에이스맨,미니,30
202508,model,4613,포르쉐 마칸 일렉트릭,포르쉐,167
202508,model,4619,포르쉐 타이칸,포르쉐,160
202508,model,4005,폭스바겐 ID.4,폭스바겐,79
202508,model,4121,폭스바겐 ID.5,폭스바겐,91
202508,model,3687,테슬라 모델Y,테슬라,0
202508,model,4087,아이오닉6,현대,0
202508,model,4015,GV60,제네시스,0
202508,model,4046,BMW i4,BMW,0
202508,model,3983,BMW iX3,BMW,78
202508,model,4009,BMW iX,BMW,0
202508,model,4039,아우디 e-tron GT,아우디,4
202508,model,3667,아우디 e-tron,아우디,1
202508,model,4468,폴스타 2,폴스타,5
202508,model,4632,르노 세닉 E-Tech,르노,38
202508,model,4731,볼보 EX40,볼보,5
202508,model,4400,현대 카운티 일렉트릭,현대,15
202508,model,4048,벤츠 EQS,벤츠,1
202508,model,4634,벤츠 EQS,벤츠,2
202508,model,4511,벤츠 마이바흐 EQS SUV,벤츠,5
202508,model,4565,캐딜락 에스컬레이드 IQ,캐딜락,0
202508,model,4433,롤스로이스 스펙터,롤스로이스,2
202509,model,4647,EV3,기아,1927
202509,model,4712,EV4,기아,1151
202509,model,4499,EV5,기아,272
202509,model,4641,EV6,기아,1322
202509,model,4128,EV9,기아,147
202509,model,4714,PV5,기아,672
202509,model,4691,레이 EV,기아,1041
202509,model,4404,봉고3 EV,기아,500
202509,model,4624,아이오닉5,현대,2246
202509,model,4558,아이오닉5 N,현대,23
202509,model,4746,아이오닉6,현대,657
202509,model,4088,아이오닉9,현대,1272
202509,model,4653,캐스퍼 일렉트릭,현대,970
202509,model,4399,포터2 일렉트릭,현대,1003
202509,model,4510,코나 일렉트릭,현대,702
202509,model,4770,스타리아 일렉트릭,현대,0
202509,model,4660,Electrified G80,제네시스,156
202509,model,4705,Electrified GV70,제네시스,101
202509,model,4701,GV60,제네시스,81
202509,model,4761,GV60 MAGMA,제네시스,0
202509,model,4667,테슬라 모델Y,테슬라,8361
202509,model,4610,테슬라 모델3,테슬라,708
202509,model,4027,테슬라 모델X,테슬라,0
202509,model,4043,테슬라 모델S,테슬라,0
202509,model,3825,테슬라 사이버트럭,테슬라,0
202509,model,4704,BYD 돌핀,BYD,0
202509,model,4706,BYD 씨라이언7,BYD,825
202509,model,4702,BYD 아토3,BYD,145
202509,model,4703,BYD 씰,BYD,50
202509,model,4446,볼보 EX30,볼보,75
202509,model,4750,볼보 EX30 CC,볼보,36
202509,model,4513,폴스타 4,폴스타,361
202509,model,4062,아우디 Q4 e-tron,아우디,582
202509,model,4690,아우디 Q6 e-tron,아우디,314
202509,model,4142,아우디 A6 e-tron,아우디,45
202509,model,4436,아우디 Q8 e-tron,아우디,0
202509,model,4759,아우디 e-tron GT,아우디,0
202509,model,4528,BMW i5,BMW,64
202509,model,4639,BMW i4,BMW,96
202509,model,4181,BMW i7,BMW,73
202509,model,4708,BMW iX,BMW,121
202509,model,4372,BMW iX1,BMW,53
202509,model,4582,BMW iX2,BMW,5
202509,model,4751,BMW iX3,BMW,0
202509,model,4569,벤츠 EQB,벤츠,82
202509,model,4430,벤츠 EQE SUV,벤츠,14
202509,model,4111,벤츠 EQE,벤츠,1
202509,model,4381,벤츠 EQS SUV,벤츠,20
202509,model,4568,벤츠 EQA,벤츠,78
202509,model,4638,벤츠 EQG(G-Class EV),벤츠,31
202509,model,4571,미니 일렉트릭,미니,151
202509,model,4572,미니 컨트리맨 일렉트릭,미니,34
202509,model,4640,미니 에이스맨,미니,62
202509,model,4613,포르쉐 마칸 일렉트릭,포르쉐,175
202509,model,4619,포르쉐 타이칸,포르쉐,135
202509,model,4005,폭스바겐 ID.4,폭스바겐,1
202509,model,4121,폭스바겐 ID.5,폭스바겐,30
202509,model,3687,테슬라 모델Y,테슬라,0
202509,model,4087,아이오닉6,현대,0
202509,model,4015,GV60,제네시스,0
202509,model,4046,BMW i4,BMW,0
202509,model,3983,BMW iX3,BMW,55
202509,model,4009,BMW iX,BMW,0
202509,model,4039,아우디 e-tron GT,아우디,1
202509,model,3667,아우디 e-tron,아우디,0
202509,model,4468,폴스타 2,폴스타,0
202509,model,4632,르노 세닉 E-Tech,르노,50
202509,model,4731,볼보 EX40,볼보,3
202509,model,4400,현대 카운티 일렉트릭,현대,19
202509,model,4048,벤츠 EQS,벤츠,3
202509,model,4634,벤츠 EQS,벤츠,8
202509,model,4511,벤츠 마이바흐 EQS SUV,벤츠,6
202509,model,4565,캐딜락 에스컬레이드 IQ,캐딜락,2
202509,model,4433,롤스로이스 스펙터,롤스로이스,2
202510,model,4647,EV3,기아,1423
202510,model,4712,EV4,기아,654
202510,model,4499,EV5,기아,1150
202510,model,4641,EV6,기아,747
202510,model,4128,EV9,기아,144
202510,model,4714,PV5,기아,1814
202510,model,4691,레이 EV,기아,791
202510,model,4404,봉고3 EV,기아,195
202510,model,4624,아이오닉5,현대,1098
202510,model,4558,아이오닉5 N,현대,11
202510,model,4746,아이오닉6,현대,367
202510,model,4088,아이오닉9,현대,667
202510,model,4653,캐스퍼 일렉트릭,현대,971
202510,model,4399,포터2 일렉트릭,현대,604
202510,model,4510,코나 일렉트릭,현대,421
202510,model,4770,스타리아 일렉트릭,현대,0
202510,model,4660,Electrified G80,제네시스,51
202510,model,4705,Electrified GV70,제네시스,77
202510,model,4701,GV60,제네시스,88
202510,model,4761,GV60 MAGMA,제네시스,0
202510,model,4667,테슬라 모델Y,테슬라,3712
202510,model,4610,테슬라 모델3,테슬라,636
202510,model,4027,테슬라 모델X,테슬라,0
202510,model,4043,테슬라 모델S,테슬라,1
202510,model,3825,테슬라 사이버트럭,테슬라,1
202510,model,4704,BYD 돌핀,BYD,0
202510,model,4706,BYD 씨라이언7,BYD,513
202510,model,4702,BYD 아토3,BYD,264
202510,model,4703,BYD 씰,BYD,47
202510,model,4446,볼보 EX30,볼보,35
202510,model,4750,볼보 EX30 CC,볼보,46
202510,model,4513,폴스타 4,폴스타,286
202510,model,4062,아우디 Q4 e-tron,아우디,19
202510,model,4690,아우디 Q6 e-tron,아우디,63
202510,model,4142,아우디 A6 e-tron,아우디,27
202510,model,4436,아우디 Q8 e-tron,아우디,3
202510,model,4759,아우디 e-tron GT,아우디,3
202510,model,4528,BMW i5,BMW,233
202510,model,4639,BMW i4,BMW,82
202510,model,4181,BMW i7,BMW,48
202510,model,4708,BMW iX,BMW,68
202510,model,4372,BMW iX1,BMW,49
202510,model,4582,BMW iX2,BMW,3
202510,model,4751,BMW iX3,BMW,0
202510,model,4569,벤츠 EQB,벤츠,51
202510,model,4430,벤츠 EQE SUV,벤츠,25
202510,model,4111,벤츠 EQE,벤츠,0
202510,model,4381,벤츠 EQS SUV,벤츠,29
202510,model,4568,벤츠 EQA,벤츠,66
202510,model,4638,벤츠 EQG(G-Class EV),벤츠,23
202510,model,4571,미니 일렉트릭,미니,138
202510,model,4572,미니 컨트리맨 일렉트릭,미니,19
202510,model,4640,미니 에이스맨,미니,39
202510,model,4613,포르쉐 마칸 일렉트릭,포르쉐,106
202510,model,4619,포르쉐 타이칸,포르쉐,171
202510,model,4005,폭스바겐 ID.4,폭스바겐,0
202510,model,4121,폭스바겐 ID.5,폭스바겐,1
202510,model,3687,테슬라 모델Y,테슬라,0
202510,model,4087,아이오닉6,현대,0
202510,model,4015,GV60,제네시스,0
202510,model,4046,BMW i4,BMW,0
202510,model,3983,BMW iX3,BMW,56
202510,model,4009,BMW iX,BMW,0
202510,model,4039,아우디 e-tron GT,아우디,0
202510,model,3667,아우디 e-tron,아우디,1
202510,model,4468,폴스타 2,폴스타,0
202510,model,4632,르노 세닉 E-Tech,르노,22
202510,model,4731,볼보 EX40,볼보,0
202510,model,4400,현대 카운티 일렉트릭,현대,14
202510,model,4048,벤츠 EQS,벤츠,0
202510,model,4634,벤츠 EQS,벤츠,8
202510,model,4511,벤츠 마이바흐 EQS SUV,벤츠,14
202510,model,4565,캐딜락 에스컬레이드 IQ,캐딜락,0
202510,model,4433,롤스로이스 스펙터,롤스로이스,2
202511,model,4647,EV3,기아,684
202511,model,4712,EV4,기아,338
202511,model,4499,EV5,기아,667
202511,model,4641,EV6,기아,392
202511,model,4128,EV9,기아,186
202511,model,4714,PV5,기아,962
202511,model,4691,레이 EV,기아,298
202511,model,4404,봉고3 EV,기아,88
202511,model,4624,아이오닉5,현대,662
202511,model,4558,아이오닉5 N,현대,28
202511,model,4746,아이오닉6,현대,244
202511,model,4088,아이오닉9,현대,484
202511,model,4653,캐스퍼 일렉트릭,현대,909
202511,model,4399,포터2 일렉트릭,현대,329
202511,model,4510,코나 일렉트릭,현대,258
202511,model,4770,스타리아 일렉트릭,현대,0
202511,model,4660,Electrified G80,제네시스,125
202511,model,4705,Electrified GV70,제네시스,82
202511,model,4701,GV60,제네시스,66
202511,model,4761,GV60 MAGMA,제네시스,0
202511,model,4667,테슬라 모델Y,테슬라,6180
202511,model,4610,테슬라 모델3,테슬라,1412
202511,model,4027,테슬라 모델X,테슬라,6
202511,model,4043,테슬라 모델S,테슬라,2
202511,model,3825,테슬라 사이버트럭,테슬라,32
202511,model,4704,BYD 돌핀,BYD,0
202511,model,4706,BYD 씨라이언7,BYD,680
202511,model,4702,BYD 아토3,BYD,444
202511,model,4703,BYD 씰,BYD,40
202511,model,4446,볼보 EX30,볼보,41
202511,model,4750,볼보 EX30 CC,볼보,37
202511,model,4513,폴스타 4,폴스타,371
202511,model,4062,아우디 Q4 e-tron,아우디,12
202511,model,4690,아우디 Q6 e-tron,아우디,71
202511,model,4142,아우디 A6 e-tron,아우디,37
202511,model,4436,아우디 Q8 e-tron,아우디,7
202511,model,4759,아우디 e-tron GT,아우디,3
202511,model,4528,BMW i5,BMW,298
202511,model,4639,BMW i4,BMW,33
202511,model,4181,BMW i7,BMW,51
202511,model,4708,BMW iX,BMW,69
202511,model,4372,BMW iX1,BMW,41
202511,model,4582,BMW iX2,BMW,1
202511,model,4751,BMW iX3,BMW,0
202511,model,4569,벤츠 EQB,벤츠,117
202511,model,4430,벤츠 EQE SUV,벤츠,3
202511,model,4111,벤츠 EQE,벤츠,0
202511,model,4381,벤츠 EQS SUV,벤츠,1
202511,model,4568,벤츠 EQA,벤츠,88
202511,model,4638,벤츠 EQG(G-Class EV),벤츠,16
202511,model,4571,미니 일렉트릭,미니,198
202511,model,4572,미니 컨트리맨 일렉트릭,미니,9
202511,model,4640,미니 에이스맨,미니,41
202511,model,4613,포르쉐 마칸 일렉트릭,포르쉐,141
202511,model,4619,포르쉐 타이칸,포르쉐,118
202511,model,4005,폭스바겐 ID.4,폭스바겐,0
202511,model,4121,폭스바겐 ID.5,폭스바겐,62
202511,model,3687,테슬라 모델Y,테슬라,0
202511,model,4087,아이오닉6,현대,0
202511,model,4015,GV60,제네시스,0
202511,model,4046,BMW i4,BMW,0
202511,model,3983,BMW iX3,BMW,9
202511,model,4009,BMW iX,BMW,0
202511,model,4039,아우디 e-tron GT,아우디,0
202511,model,3667,아우디 e-tron,아우디,0
202511,model,4468,폴스타 2,폴스타,0
202511,model,4632,르노 세닉 E-Tech,르노,5
202511,model,4731,볼보 EX40,볼보,1
202511,model,4400,현대 카운티 일렉트릭,현대,27
202511,model,4048,벤츠 EQS,벤츠,0
202511,model,4634,벤츠 EQS,벤츠,2
202511,model,4511,벤츠 마이바흐 EQS SUV,벤츠,8
202511,model,4565,캐딜락 에스컬레이드 IQ,캐딜락,5
202511,model,4433,롤스로이스 스펙터,롤스로이스,1
202512,model,4647,EV3,기아,137
202512,model,4712,EV4,기아,81
202512,model,4499,EV5,기아,104
202512,model,4641,EV6,기아,83
202512,model,4128,EV9,기아,64
202512,model,4714,PV5,기아,227
202512,model,4691,레이 EV,기아,143
202512,model,4404,봉고3 EV,기아,41
202512,model,4624,아이오닉5,현대,97
202512,model,4558,아이오닉5 N,현대,5
202512,model,4746,아이오닉6,현대,13
202512,model,4088,아이오닉9,현대,133
202512,model,4653,캐스퍼 일렉트릭,현대,43
202512,model,4399,포터2 일렉트릭,현대,92
202512,model,4510,코나 일렉트릭,현대,18
202512,model,4770,스타리아 일렉트릭,현대,0
202512,model,4660,Electrified G80,제네시스,41
202512,model,4705,Electrified GV70,제네시스,14
202512,model,4701,GV60,제네시스,9
202512,model,4761,GV60 MAGMA,제네시스,0
202512,model,4667,테슬라 모델Y,테슬라,3478
202512,model,4610,테슬라 모델3,테슬라,349
202512,model,4027,테슬라 모델X,테슬라,138
202512,model,4043,테슬라 모델S,테슬라,38
202512,model,3825,테슬라 사이버트럭,테슬라,319
202512,model,4704,BYD 돌핀,BYD,0
202512,model,4706,BYD 씨라이언7,BYD,641
202512,model,4702,BYD 아토3,BYD,459
202512,model,4703,BYD 씰,BYD,52
202512,model,4446,볼보 EX30,볼보,45
202512,model,4750,볼보 EX30 CC,볼보,38
202512,model,4513,폴스타 4,폴스타,73
202512,model,4062,아우디 Q4 e-tron,아우디,13
202512,model,4690,아우디 Q6 e-tron,아우디,18
202512,model,4142,아우디 A6 e-tron,아우디,37
202512,model,4436,아우디 Q8 e-tron,아우디,7
202512,model,4759,아우디 e-tron GT,아우디,0
202512,model,4528,BMW i5,BMW,303
202512,model,4639,BMW i4,BMW,22
202512,model,4181,BMW i7,BMW,67
202512,model,4708,BMW iX,BMW,84
202512,model,4372,BMW iX1,BMW,17
202512,model,4582,BMW iX2,BMW,9
202512,model,4751,BMW iX3,BMW,0
202512,model,4569,벤츠 EQB,벤츠,125
202512,model,4430,벤츠 EQE SUV,벤츠,22
202512,model,4111,벤츠 EQE,벤츠,0
202512,model,4381,벤츠 EQS SUV,벤츠,5
202512,model,4568,벤츠 EQA,벤츠,63
202512,model,4638,벤츠 EQG(G-Class EV),벤츠,12
202512,model,4571,미니 일렉트릭,미니,105
202512,model,4572,미니 컨트리맨 일렉트릭,미니,20
202512,model,4640,미니 에이스맨,미니,54
202512,model,4613,포르쉐 마칸 일렉트릭,포르쉐,197
202512,model,4619,포르쉐 타이칸,포르쉐,313
202512,model,4005,폭스바겐 ID.4,폭스바겐,0
202512,model,4121,폭스바겐 ID.5,폭스바겐,1
202512,model,3687,테슬라 모델Y,테슬라,0
202512,model,4087,아이오닉6,현대,0
202512,model,4015,GV60,제네시스,0
202512,model,4046,BMW i4,BMW,0
202512,model,3983,BMW iX3,BMW,3
202512,model,4009,BMW iX,BMW,0
202512,model,4039,아우디 e-tron GT,아우디,0
202512,model,3667,아우디 e-tron,아우디,0
202512,model,4468,폴스타 2,폴스타,0
202512,model,4632,르노 세닉 E-Tech,르노,517
202512,model,4731,볼보 EX40,볼보,0
202512,model,4400,현대 카운티 일렉트릭,현대,9
202512,model,4048,벤츠 EQS,벤츠,0
202512,model,4634,벤츠 EQS,벤츠,1
202512,model,4511,벤츠 마이바흐 EQS SUV,벤츠,0
202512,model,4565,캐딜락 에스컬레이드 IQ,캐딜락,9
202512,model,4433,롤스로이스 스펙터,롤스로이스,1
202601,model,4647,EV3,기아,737
202601,model,4712,EV4,기아,396
202601,model,4499,EV5,기아,847
202601,model,4641,EV6,기아,214
202601,model,4128,EV9,기아,40
202601,model,4714,PV5,기아,1026
202601,model,4691,레이 EV,기아,134
202601,model,4404,봉고3 EV,기아,233
202601,model,4624,아이오닉5,현대,308
202601,model,4558,아이오닉5 N,현대,6
202601,model,4746,아이오닉6,현대,245
202601,model,4088,아이오닉9,현대,224
202601,model,4653,캐스퍼 일렉트릭,현대,194
202601,model,4399,포터2 일렉트릭,현대,120
202601,model,4510,코나 일렉트릭,현대,95
202601,model,4770,스타리아 일렉트릭,현대,0
202601,model,4660,Electrified G80,제네시스,29
202601,model,4705,Electrified GV70,제네시스,11
202601,model,4701,GV60,제네시스,18
202601,model,4761,GV60 MAGMA,제네시스,0
202601,model,4667,테슬라 모델Y,테슬라,1559
202601,model,4610,테슬라 모델3,테슬라,21
202601,model,4027,테슬라 모델X,테슬라,210
202601,model,4043,테슬라 모델S,테슬라,140
202601,model,3825,테슬라 사이버트럭,테슬라,36
202601,model,4704,BYD 돌핀,BYD,6
202601,model,4706,BYD 씨라이언7,BYD,656
202601,model,4702,BYD 아토3,BYD,634
202601,model,4703,BYD 씰,BYD,51
202601,model,4446,볼보 EX30,볼보,23
202601,model,4750,볼보 EX30 CC,볼보,16
202601,model,4513,폴스타 4,폴스타,27
202601,model,4062,아우디 Q4 e-tron,아우디,41
202601,model,4690,아우디 Q6 e-tron,아우디,7
202601,model,4142,아우디 A6 e-tron,아우디,20
202601,model,4436,아우디 Q8 e-tron,아우디,1
202601,model,4759,아우디 e-tron GT,아우디,3
202601,model,4528,BMW i5,BMW,173
202601,model,4639,BMW i4,BMW,3
202601,model,4181,BMW i7,BMW,51
202601,model,4708,BMW iX,BMW,93
202601,model,4372,BMW iX1,BMW,10
202601,model,4582,BMW iX2,BMW,12
202601,model,4751,BMW iX3,BMW,0
202601,model,4569,벤츠 EQB,벤츠,66
202601,model,4430,벤츠 EQE SUV,벤츠,3
202601,model,4111,벤츠 EQE,벤츠,6
202601,model,4381,벤츠 EQS SUV,벤츠,0
202601,model,4568,벤츠 EQA,벤츠,58
202601,model,4638,벤츠 EQG(G-Class EV),벤츠,11
202601,model,4571,미니 일렉트릭,미니,94
202601,model,4572,미니 컨트리맨 일렉트릭,미니,2
202601,model,4640,미니 에이스맨,미니,100
202601,model,4613,포르쉐 마칸 일렉트릭,포르쉐,38
202601,model,4619,포르쉐 타이칸,포르쉐,218
202601,model,4005,폭스바겐 ID.4,폭스바겐,10
202601,model,4121,폭스바겐 ID.5,폭스바겐,0
202601,model,3687,테슬라 모델Y,테슬라,0
202601,model,4087,아이오닉6,현대,0
202601,model,4015,GV60,제네시스,0
202601,model,4046,BMW i4,BMW,0
202601,model,3983,BMW iX3,BMW,0
202601,model,4009,BMW iX,BMW,0
202601,model,4039,아우디 e-tron GT,아우디,0
202601,model,3667,아우디 e-tron,아우디,0
202601,model,4468,폴스타 2,폴스타,0
202601,model,4632,르노 세닉 E-Tech,르노,207
202601,model,4731,볼보 EX40,볼보,0
202601,model,4400,현대 카운티 일렉트릭,현대,4
202601,model,4048,벤츠 EQS,벤츠,0
202601,model,4634,벤츠 EQS,벤츠,0
202601,model,4511,벤츠 마이바흐 EQS SUV,벤츠,5
202601,model,4565,캐딜락 에스컬레이드 IQ,캐딜락,6
202601,model,4433,롤스로이스 스펙터,롤스로이스,1
202602,model,4647,EV3,기아,3469
202602,model,4712,EV4,기아,1874
202602,model,4499,EV5,기아,2524
202602,model,4641,EV6,기아,1000
202602,model,4128,EV9,기아,113
202602,model,4714,PV5,기아,3967
202602,model,4691,레이 EV,기아,880
202602,model,4404,봉고3 EV,기아,654
202602,model,4624,아이오닉5,현대,3222
202602,model,4558,아이오닉5 N,현대,5
202602,model,4746,아이오닉6,현대,1571
202602,model,4088,아이오닉9,현대,1751
202602,model,4653,캐스퍼 일렉트릭,현대,472
202602,model,4399,포터2 일렉트릭,현대,1671
202602,model,4510,코나 일렉트릭,현대,694
202602,model,4770,스타리아 일렉트릭,현대,0
202602,model,4660,Electrified G80,제네시스,127
202602,model,4705,Electrified GV70,제네시스,116
202602,model,4701,GV60,제네시스,100
202602,model,4761,GV60 MAGMA,제네시스,22
202602,model,4667,테슬라 모델Y,테슬라,7015
202602,model,4610,테슬라 모델3,테슬라,827
202602,model,4027,테슬라 모델X,테슬라,16
202602,model,4043,테슬라 모델S,테슬라,5
202602,model,3825,테슬라 사이버트럭,테슬라,5
202602,model,4704,BYD 돌핀,BYD,75
202602,model,4706,BYD 씨라이언7,BYD,621
202602,model,4702,BYD 아토3,BYD,119
202602,model,4703,BYD 씰,BYD,142
202602,model,4446,볼보 EX30,볼보,44
202602,model,4750,볼보 EX30 CC,볼보,35
202602,model,4513,폴스타 4,폴스타,241
202602,model,4062,아우디 Q4 e-tron,아우디,115
202602,model,4690,아우디 Q6 e-tron,아우디,9
202602,model,4142,아우디 A6 e-tron,아우디,10
202602,model,4436,아우디 Q8 e-tron,아우디,0
202602,model,4759,아우디 e-tron GT,아우디,1
202602,model,4528,BMW i5,BMW,300
202602,model,4639,BMW i4,BMW,72
202602,model,4181,BMW i7,BMW,64
202602,model,4708,BMW iX,BMW,111
202602,model,4372,BMW iX1,BMW,43
202602,model,4582,BMW iX2,BMW,33
202602,model,4751,BMW iX3,BMW,0
202602,model,4569,벤츠 EQB,벤츠,100
202602,model,4430,벤츠 EQE SUV,벤츠,8
202602,model,4111,벤츠 EQE,벤츠,10
202602,model,4381,벤츠 EQS SUV,벤츠,5
202602,model,4568,벤츠 EQA,벤츠,54
202602,model,4638,벤츠 EQG(G-Class EV),벤츠,3
202602,model,4571,미니 일렉트릭,미니,65
202602,model,4572,미니 컨트리맨 일렉트릭,미니,6
202602,model,4640,미니 에이스맨,미니,80
202602,model,4613,포르쉐 마칸 일렉트릭,포르쉐,50
202602,model,4619,포르쉐 타이칸,포르쉐,161
202602,model,4005,폭스바겐 ID.4,폭스바겐,353
202602,model,4121,폭스바겐 ID.5,폭스바겐,0
202602,model,3687,테슬라 모델Y,테슬라,0
202602,model,4087,아이오닉6,현대,0
202602,model,4015,GV60,제네시스,0
202602,model,4046,BMW i4,BMW,0
202602,model,3983,BMW iX3,BMW,0
202602,model,4009,BMW iX,BMW,0
202602,model,4039,아우디 e-tron GT,아우디,0
202602,model,3667,아우디 e-tron,아우디,0
202602,model,4468,폴스타 2,폴스타,2
202602,model,4632,르노 세닉 E-Tech,르노,150
202602,model,4731,볼보 EX40,볼보,0
202602,model,4400,현대 카운티 일렉트릭,현대,5
202602,model,4048,벤츠 EQS,벤츠,0
202602,model,4634,벤츠 EQS,벤츠,0
202602,model,4511,벤츠 마이바흐 EQS SUV,벤츠,12
202602,model,4565,캐딜락 에스컬레이드 IQ,캐딜락,4
202602,model,4433,롤스로이스 스펙터,롤스로이스,2
202603,model,4647,EV3,기아,4468
202603,model,4712,EV4,기아,1809
202603,model,4499,EV5,기아,3513
202603,model,4641,EV6,기아,1296
202603,model,4128,EV9,기아,351
202603,model,4714,PV5,기아,3093
202603,model,4691,레이 EV,기아,1202
202603,model,4404,봉고3 EV,기아,452
202603,model,4624,아이오닉5,현대,2382
202603,model,4558,아이오닉5 N,현대,28
202603,model,4746,아이오닉6,현대,862
202603,model,4088,아이오닉9,현대,1239
202603,model,4653,캐스퍼 일렉트릭,현대,1201
202603,model,4399,포터2 일렉트릭,현대,1139
202603,model,4510,코나 일렉트릭,현대,463
202603,model,4770,스타리아 일렉트릭,현대,0
202603,model,4660,Electrified G80,제네시스,107
202603,model,4705,Electrified GV70,제네시스,145
202603,model,4701,GV60,제네시스,88
202603,model,4761,GV60 MAGMA,제네시스,12
202603,model,4667,테슬라 모델Y,테슬라,6749
202603,model,4610,테슬라 모델3,테슬라,3702
202603,model,4027,테슬라 모델X,테슬라,458
202603,model,4043,테슬라 모델S,테슬라,220
202603,model,3825,테슬라 사이버트럭,테슬라,1
202603,model,4704,BYD 돌핀,BYD,652
202603,model,4706,BYD 씨라이언7,BYD,807
202603,model,4702,BYD 아토3,BYD,31
202603,model,4703,BYD 씰,BYD,174
202603,model,4446,볼보 EX30,볼보,179
202603,model,4750,볼보 EX30 CC,볼보,114
202603,model,4513,폴스타 4,폴스타,684
202603,model,4062,아우디 Q4 e-tron,아우디,462
202603,model,4690,아우디 Q6 e-tron,아우디,2
202603,model,4142,아우디 A6 e-tron,아우디,13
202603,model,4436,아우디 Q8 e-tron,아우디,0
202603,model,4759,아우디 e-tron GT,아우디,1
202603,model,4528,BMW i5,BMW,355
202603,model,4639,BMW i4,BMW,82
202603,model,4181,BMW i7,BMW,69
202603,model,4708,BMW iX,BMW,118
202603,model,4372,BMW iX1,BMW,71
202603,model,4582,BMW iX2,BMW,69
202603,model,4751,BMW iX3,BMW,1
202603,model,4569,벤츠 EQB,벤츠,150
202603,model,4430,벤츠 EQE SUV,벤츠,29
202603,model,4111,벤츠 EQE,벤츠,9
202603,model,4381,벤츠 EQS SUV,벤츠,7
202603,model,4568,벤츠 EQA,벤츠,63
202603,model,4638,벤츠 EQG(G-Class EV),벤츠,1
202603,model,4571,미니 일렉트릭,미니,151
202603,model,4572,미니 컨트리맨 일렉트릭,미니,12
202603,model,4640,미니 에이스맨,미니,106
202603,model,4613,포르쉐 마칸 일렉트릭,포르쉐,121
202603,model,4619,포르쉐 타이칸,포르쉐,340
202603,model,4005,폭스바겐 ID.4,폭스바겐,234
202603,model,4121,폭스바겐 ID.5,폭스바겐,0
202603,model,3687,테슬라 모델Y,테슬라,0
202603,model,4087,아이오닉6,현대,0
202603,model,4015,GV60,제네시스,0
202603,model,4046,BMW i4,BMW,2
202603,model,3983,BMW iX3,BMW,0
202603,model,4009,BMW iX,BMW,0
202603,model,4039,아우디 e-tron GT,아우디,0
202603,model,3667,아우디 e-tron,아우디,0
202603,model,4468,폴스타 2,폴스타,0
202603,model,4632,르노 세닉 E-Tech,르노,1
202603,model,4731,볼보 EX40,볼보,0
202603,model,4400,현대 카운티 일렉트릭,현대,21
202603,model,4048,벤츠 EQS,벤츠,0
202603,model,4634,벤츠 EQS,벤츠,0
202603,model,4511,벤츠 마이바흐 EQS SUV,벤츠,7
202603,model,4565,캐딜락 에스컬레이드 IQ,캐딜락,2
202603,model,4433,롤스로이스 스펙터,롤스로이스,0
202604,model,4647,EV3,기아,3898
202604,model,4712,EV4,기아,1432
202604,model,4499,EV5,기아,3308
202604,model,4641,EV6,기아,1062
202604,model,4128,EV9,기아,393
202604,model,4714,PV5,기아,2262
202604,model,4691,레이 EV,기아,1241
202604,model,4404,봉고3 EV,기아,339
202604,model,4624,아이오닉5,현대,1668
202604,model,4558,아이오닉5 N,현대,6
202604,model,4746,아이오닉6,현대,475
202604,model,4088,아이오닉9,현대,1225
202604,model,4653,캐스퍼 일렉트릭,현대,638
202604,model,4399,포터2 일렉트릭,현대,765
202604,model,4510,코나 일렉트릭,현대,419
202604,model,4770,스타리아 일렉트릭,현대,0
202604,model,4660,Electrified G80,제네시스,150
202604,model,4705,Electrified GV70,제네시스,157
202604,model,4701,GV60,제네시스,94
202604,model,4761,GV60 MAGMA,제네시스,19
202604,model,4667,테슬라 모델Y,테슬라,10086
202604,model,4610,테슬라 모델3,테슬라,2596
202604,model,4027,테슬라 모델X,테슬라,427
202604,model,4043,테슬라 모델S,테슬라,76
202604,model,3825,테슬라 사이버트럭,테슬라,5
202604,model,4704,BYD 돌핀,BYD,800
202604,model,4706,BYD 씨라이언7,BYD,621
202604,model,4702,BYD 아토3,BYD,395
202604,model,4703,BYD 씰,BYD,207
202604,model,4446,볼보 EX30,볼보,145
202604,model,4750,볼보 EX30 CC,볼보,101
202604,model,4513,폴스타 4,폴스타,675
202604,model,4062,아우디 Q4 e-tron,아우디,368
202604,model,4690,아우디 Q6 e-tron,아우디,1
202604,model,4142,아우디 A6 e-tron,아우디,9
202604,model,4436,아우디 Q8 e-tron,아우디,0
202604,model,4759,아우디 e-tron GT,아우디,1
202604,model,4528,BMW i5,BMW,319
202604,model,4639,BMW i4,BMW,73
202604,model,4181,BMW i7,BMW,89
202604,model,4708,BMW iX,BMW,112
202604,model,4372,BMW iX1,BMW,136
202604,model,4582,BMW iX2,BMW,85
202604,model,4751,BMW iX3,BMW,0
202604,model,4569,벤츠 EQB,벤츠,133
202604,model,4430,벤츠 EQE SUV,벤츠,119
202604,model,4111,벤츠 EQE,벤츠,31
202604,model,4381,벤츠 EQS SUV,벤츠,12
202604,model,4568,벤츠 EQA,벤츠,18
202604,model,4638,벤츠 EQG(G-Class EV),벤츠,3
202604,model,4571,미니 일렉트릭,미니,94
202604,model,4572,미니 컨트리맨 일렉트릭,미니,27
202604,model,4640,미니 에이스맨,미니,72
202604,model,4613,포르쉐 마칸 일렉트릭,포르쉐,122
202604,model,4619,포르쉐 타이칸,포르쉐,155
202604,model,4005,폭스바겐 ID.4,폭스바겐,196
202604,model,4121,폭스바겐 ID.5,폭스바겐,0
202604,model,3687,테슬라 모델Y,테슬라,0
202604,model,4087,아이오닉6,현대,0
202604,model,4015,GV60,제네시스,0
202604,model,4046,BMW i4,BMW,0
202604,model,3983,BMW iX3,BMW,0
202604,model,4009,BMW iX,BMW,0
202604,model,4039,아우디 e-tron GT,아우디,0
202604,model,3667,아우디 e-tron,아우디,0
202604,model,4468,폴스타 2,폴스타,0
202604,model,4632,르노 세닉 E-Tech,르노,0
202604,model,4731,볼보 EX40,볼보,0
202604,model,4400,현대 카운티 일렉트릭,현대,27
202604,model,4048,벤츠 EQS,벤츠,1
202604,model,4634,벤츠 EQS,벤츠,1
202604,model,4511,벤츠 마이바흐 EQS SUV,벤츠,4
202604,model,4565,캐딜락 에스컬레이드 IQ,캐딜락,1
202604,model,4433,롤스로이스 스펙터,롤스로이스,1
202605,model,4647,EV3,기아,3021
202605,model,4712,EV4,기아,1196
202605,model,4499,EV5,기아,2581
202605,model,4641,EV6,기아,905
202605,model,4128,EV9,기아,263
202605,model,4714,PV5,기아,2303
202605,model,4691,레이 EV,기아,1056
202605,model,4404,봉고3 EV,기아,449
202605,model,4624,아이오닉5,현대,2574
202605,model,4558,아이오닉5 N,현대,1
202605,model,4746,아이오닉6,현대,1049
202605,model,4088,아이오닉9,현대,1482
202605,model,4653,캐스퍼 일렉트릭,현대,1152
202605,model,4399,포터2 일렉트릭,현대,895
202605,model,4510,코나 일렉트릭,현대,452
202605,model,4770,스타리아 일렉트릭,현대,0
202605,model,4660,Electrified G80,제네시스,132
202605,model,4705,Electrified GV70,제네시스,151
202605,model,4701,GV60,제네시스,129
202605,model,4761,GV60 MAGMA,제네시스,10
202605,model,4667,테슬라 모델Y,테슬라,8762
202605,model,4610,테슬라 모델3,테슬라,1301
202605,model,4027,테슬라 모델X,테슬라,508
202605,model,4043,테슬라 모델S,테슬라,170
202605,model,3825,테슬라 사이버트럭,테슬라,125
202605,model,4704,BYD 돌핀,BYD,150
202605,model,4706,BYD 씨라이언7,BYD,655
202605,model,4702,BYD 아토3,BYD,99
202605,model,4703,BYD 씰,BYD,128
202605,model,4446,볼보 EX30,볼보,317
202605,model,4750,볼보 EX30 CC,볼보,24
202605,model,4513,폴스타 4,폴스타,350
202605,model,4062,아우디 Q4 e-tron,아우디,361
202605,model,4690,아우디 Q6 e-tron,아우디,0
202605,model,4142,아우디 A6 e-tron,아우디,7
202605,model,4436,아우디 Q8 e-tron,아우디,0
202605,model,4759,아우디 e-tron GT,아우디,1
202605,model,4528,BMW i5,BMW,234
202605,model,4639,BMW i4,BMW,70
202605,model,4181,BMW i7,BMW,69
202605,model,4708,BMW iX,BMW,107
202605,model,4372,BMW iX1,BMW,134
202605,model,4582,BMW iX2,BMW,52
202605,model,4751,BMW iX3,BMW,0
202605,model,4569,벤츠 EQB,벤츠,120
202605,model,4430,벤츠 EQE SUV,벤츠,42
202605,model,4111,벤츠 EQE,벤츠,3
202605,model,4381,벤츠 EQS SUV,벤츠,4
202605,model,4568,벤츠 EQA,벤츠,14
202605,model,4638,벤츠 EQG(G-Class EV),벤츠,4
202605,model,4571,미니 일렉트릭,미니,96
202605,model,4572,미니 컨트리맨 일렉트릭,미니,10
202605,model,4640,미니 에이스맨,미니,57
202605,model,4613,포르쉐 마칸 일렉트릭,포르쉐,197
202605,model,4619,포르쉐 타이칸,포르쉐,125
202605,model,4005,폭스바겐 ID.4,폭스바겐,209
202605,model,4121,폭스바겐 ID.5,폭스바겐,3
202605,model,3687,테슬라 모델Y,테슬라,0
202605,model,4087,아이오닉6,현대,0
202605,model,4015,GV60,제네시스,0
202605,model,4046,BMW i4,BMW,0
202605,model,3983,BMW iX3,BMW,0
202605,model,4009,BMW iX,BMW,0
202605,model,4039,아우디 e-tron GT,아우디,0
202605,model,3667,아우디 e-tron,아우디,0
202605,model,4468,폴스타 2,폴스타,0
202605,model,4632,르노 세닉 E-Tech,르노,0
202605,model,4731,볼보 EX40,볼보,0
202605,model,4400,현대 카운티 일렉트릭,현대,20
202605,model,4048,벤츠 EQS,벤츠,0
202605,model,4634,벤츠 EQS,벤츠,0
202605,model,4511,벤츠 마이바흐 EQS SUV,벤츠,0
202605,model,4565,캐딜락 에스컬레이드 IQ,캐딜락,1
202605,model,4433,롤스로이스 스펙터,롤스로이스,1
202606,model,4647,EV3,기아,2838
202606,model,4712,EV4,기아,1019
202606,model,4499,EV5,기아,3192
202606,model,4641,EV6,기아,820
202606,model,4128,EV9,기아,392
202606,model,4714,PV5,기아,2349
202606,model,4691,레이 EV,기아,1205
202606,model,4404,봉고3 EV,기아,251
202606,model,4624,아이오닉5,현대,1693
202606,model,4558,아이오닉5 N,현대,1
202606,model,4746,아이오닉6,현대,773
202606,model,4088,아이오닉9,현대,1318
202606,model,4653,캐스퍼 일렉트릭,현대,774
202606,model,4399,포터2 일렉트릭,현대,558
202606,model,4510,코나 일렉트릭,현대,519
202606,model,4770,스타리아 일렉트릭,현대,456
202606,model,4660,Electrified G80,제네시스,187
202606,model,4705,Electrified GV70,제네시스,134
202606,model,4701,GV60,제네시스,125
202606,model,4761,GV60 MAGMA,제네시스,10
202606,model,4667,테슬라 모델Y,테슬라,9188
202606,model,4610,테슬라 모델3,테슬라,414
202606,model,4027,테슬라 모델X,테슬라,1027
202606,model,4043,테슬라 모델S,테슬라,394
202606,model,3825,테슬라 사이버트럭,테슬라,96
202606,model,4704,BYD 돌핀,BYD,2828
202606,model,4706,BYD 씨라이언7,BYD,1117
202606,model,4702,BYD 아토3,BYD,503
202606,model,4703,BYD 씰,BYD,204
202606,model,4446,볼보 EX30,볼보,624
202606,model,4750,볼보 EX30 CC,볼보,322
202606,model,4513,폴스타 4,폴스타,433
202606,model,4062,아우디 Q4 e-tron,아우디,438
202606,model,4690,아우디 Q6 e-tron,아우디,36
202606,model,4142,아우디 A6 e-tron,아우디,20
202606,model,4436,아우디 Q8 e-tron,아우디,4
202606,model,4759,아우디 e-tron GT,아우디,2
202606,model,4528,BMW i5,BMW,300
202606,model,4639,BMW i4,BMW,80
202606,model,4181,BMW i7,BMW,60
202606,model,4708,BMW iX,BMW,111
202606,model,4372,BMW iX1,BMW,85
202606,model,4582,BMW iX2,BMW,58
202606,model,4751,BMW iX3,BMW,58
202606,model,4569,벤츠 EQB,벤츠,111
202606,model,4430,벤츠 EQE SUV,벤츠,43
202606,model,4111,벤츠 EQE,벤츠,26
202606,model,4381,벤츠 EQS SUV,벤츠,7
202606,model,4568,벤츠 EQA,벤츠,4
202606,model,4638,벤츠 EQG(G-Class EV),벤츠,9
202606,model,4571,미니 일렉트릭,미니,134
202606,model,4572,미니 컨트리맨 일렉트릭,미니,2
202606,model,4640,미니 에이스맨,미니,80
202606,model,4613,포르쉐 마칸 일렉트릭,포르쉐,123
202606,model,4619,포르쉐 타이칸,포르쉐,196
202606,model,4005,폭스바겐 ID.4,폭스바겐,249
202606,model,4121,폭스바겐 ID.5,폭스바겐,33
202606,model,3687,테슬라 모델Y,테슬라,0
202606,model,4087,아이오닉6,현대,0
202606,model,4015,GV60,제네시스,0
202606,model,4046,BMW i4,BMW,0
202606,model,3983,BMW iX3,BMW,0
202606,model,4009,BMW iX,BMW,0
202606,model,4039,아우디 e-tron GT,아우디,0
202606,model,3667,아우디 e-tron,아우디,0
202606,model,4468,폴스타 2,폴스타,0
202606,model,4632,르노 세닉 E-Tech,르노,0
202606,model,4731,볼보 EX40,볼보,0
202606,model,4400,현대 카운티 일렉트릭,현대,0
202606,model,4048,벤츠 EQS,벤츠,0
202606,model,4634,벤츠 EQS,벤츠,0
202606,model,4511,벤츠 마이바흐 EQS SUV,벤츠,8
202606,model,4565,캐딜락 에스컬레이드 IQ,캐딜락,9
202606,model,4433,롤스로이스 스펙터,롤스로이스,3
202607,model,4647,EV3,기아,3467
202607,model,4712,EV4,기아,849
202607,model,4499,EV5,기아,3434
202607,model,4641,EV6,기아,1070
202607,model,4128,EV9,기아,442
202607,model,4714,PV5,기아,2472
202607,model,4691,레이 EV,기아,1334
202607,model,4404,봉고3 EV,기아,298
202607,model,4624,아이오닉5,현대,1829
202607,model,4558,아이오닉5 N,현대,4
202607,model,4746,아이오닉6,현대,591
202607,model,4088,아이오닉9,현대,1215
202607,model,4653,캐스퍼 일렉트릭,현대,491
202607,model,4399,포터2 일렉트릭,현대,555
202607,model,4510,코나 일렉트릭,현대,220
202607,model,4770,스타리아 일렉트릭,현대,858
202607,model,4660,Electrified G80,제네시스,154
202607,model,4705,Electrified GV70,제네시스,162
202607,model,4701,GV60,제네시스,115
202607,model,4761,GV60 MAGMA,제네시스,15
202607,model,4667,테슬라 모델Y,테슬라,8705
202607,model,4610,테슬라 모델3,테슬라,1531
202607,model,4027,테슬라 모델X,테슬라,0
202607,model,4043,테슬라 모델S,테슬라,1
202607,model,3825,테슬라 사이버트럭,테슬라,0
202607,model,4704,BYD 돌핀,BYD,1264
202607,model,4706,BYD 씨라이언7,BYD,1060
202607,model,4702,BYD 아토3,BYD,0
202607,model,4703,BYD 씰,BYD,132
202607,model,4446,볼보 EX30,볼보,49
202607,model,4750,볼보 EX30 CC,볼보,11
202607,model,4513,폴스타 4,폴스타,248
202607,model,4062,아우디 Q4 e-tron,아우디,164
202607,model,4690,아우디 Q6 e-tron,아우디,62
202607,model,4142,아우디 A6 e-tron,아우디,10
202607,model,4436,아우디 Q8 e-tron,아우디,0
202607,model,4759,아우디 e-tron GT,아우디,1
202607,model,4528,BMW i5,BMW,266
202607,model,4639,BMW i4,BMW,73
202607,model,4181,BMW i7,BMW,67
202607,model,4708,BMW iX,BMW,141
202607,model,4372,BMW iX1,BMW,140
202607,model,4582,BMW iX2,BMW,97
202607,model,4751,BMW iX3,BMW,247
202607,model,4569,벤츠 EQB,벤츠,71
202607,model,4430,벤츠 EQE SUV,벤츠,22
202607,model,4111,벤츠 EQE,벤츠,11
202607,model,4381,벤츠 EQS SUV,벤츠,6
202607,model,4568,벤츠 EQA,벤츠,52
202607,model,4638,벤츠 EQG(G-Class EV),벤츠,23
202607,model,4571,미니 일렉트릭,미니,106
202607,model,4572,미니 컨트리맨 일렉트릭,미니,0
202607,model,4640,미니 에이스맨,미니,45
202607,model,4613,포르쉐 마칸 일렉트릭,포르쉐,61
202607,model,4619,포르쉐 타이칸,포르쉐,134
202607,model,4005,폭스바겐 ID.4,폭스바겐,146
202607,model,4121,폭스바겐 ID.5,폭스바겐,118
202607,model,3687,테슬라 모델Y,테슬라,0
202607,model,4087,아이오닉6,현대,0
202607,model,4015,GV60,제네시스,0
202607,model,4046,BMW i4,BMW,0
202607,model,3983,BMW iX3,BMW,0
202607,model,4009,BMW iX,BMW,0
202607,model,4039,아우디 e-tron GT,아우디,1
202607,model,3667,아우디 e-tron,아우디,0
202607,model,4468,폴스타 2,폴스타,0
202607,model,4632,르노 세닉 E-Tech,르노,0
202607,model,4731,볼보 EX40,볼보,0
202607,model,4400,현대 카운티 일렉트릭,현대,0
202607,model,4048,벤츠 EQS,벤츠,0
202607,model,4634,벤츠 EQS,벤츠,0
202607,model,4511,벤츠 마이바흐 EQS SUV,벤츠,16
202607,model,4565,캐딜락 에스컬레이드 IQ,캐딜락,3
202607,model,4433,롤스로이스 스펙터,롤스로이스,0
